id,achievement_id,user_id,created_at
4c8f7ad2-40db-4675-a2d1-6427a3c4b403,2c72eddd-db51-4560-a09f-c5bef7d83ccd,0cffec97-39b5-4a15-8771-8e6ccd8fb548,2026-05-10 09:30:55
931c3aa1-2970-4629-b974-d602d058333a,713142be-3223-45f0-be38-bd11176c3e54,a99a1319-a218-498b-8451-7fb3dc12ade1,2026-02-26 02:06:41
a404381c-74c9-4723-82d1-73b02aad6fb2,d1695e1c-8f06-424d-8c30-5fd80fe0bc60,4d86c1ee-8475-428a-886f-b95a0197d7a8,2026-03-18 19:22:24
52271790-408d-4e5b-99eb-cca06e9f8452,f1f9b4af-2255-4dbf-a532-2d4ec11ed3e0,4614728e-6dde-4d7d-94db-4fbfba14dbfc,2026-01-28 17:04:47
c3a9842c-1073-4e30-95b5-ed7b0a83fa3f,53dce1ee-cb5f-43a4-8cc0-f1a0ffbb1f8d,f1112344-3c2d-45f8-a600-bdf9d6c92c19,2026-05-06 13:00:25
9cf4c5a7-3fec-4168-87f6-73df2dd93a22,88dece4b-f996-4a2d-ba9e-893526b02263,2630cfe2-bb0b-4c34-bcab-5cbcee34b476,2026-04-15 18:37:25
c8c0c2d8-ba63-45bb-9ca3-a4972a465336,ac3eab87-ec4e-4f4b-a578-775838c88efb,e8333701-ba13-454c-bc06-312c9c330495,2025-12-13 00:23:45
0b605d63-5b10-450f-8c70-0b7f1a64d684,60bf83d8-542a-47a0-8bf5-8c41ce8ff1c3,f470eeec-90f3-4d9e-a649-e30cc7235307,2026-02-14 15:29:27
e10d8525-3a1c-4593-8d08-badea23351f0,bec64d1d-b5f7-400e-832a-d2825a4985bb,6293d6e7-7d3e-4540-9f1d-794948f7dd5e,2026-03-23 17:25:29
b96db84a-701c-4dd2-8e85-d431bd08c234,2b866ad6-d6df-4e1d-a1c4-27097c6ecf92,25a736a7-a435-4138-bd1d-50f47492ee31,2025-12-10 19:32:16
87c058a8-934c-4145-b9a6-b77dcbbeaec2,1e4b2345-9b70-4262-bf7d-13530085920b,30b248ba-8471-4ab4-95ee-c4b831a8f27a,2026-02-16 10:42:41
3ecd41d1-06f2-4514-850c-5b149705af24,53ba1dc4-0b13-4d9c-a90f-cb498b0ed3b0,845896cb-5254-48d6-a168-3644fe7eeb4c,2025-11-21 21:28:25
b9d15139-c345-4149-9f16-3ab5a7d588e5,86c68d93-e017-476b-8279-238419c649de,30b248ba-8471-4ab4-95ee-c4b831a8f27a,2025-11-30 07:53:27
ce0cc6f3-9f2a-4c4e-a36d-0f3abe1595ce,a1943767-ff89-45c5-92c8-944e1005d944,6eac0341-252c-46dc-9555-9b8d21bd106e,2026-04-22 19:46:40
09bd1026-c4fd-44aa-a561-2bcff2958659,cca79ea8-c187-4ca5-9c66-a8e4577547e8,e01fac7d-a9a5-48e5-88be-d0a6a7c3de84,2026-03-01 09:18:47
cf71722c-680b-44bf-a52f-7c0a4d4b05c1,d1dcd99b-7612-42fb-a6b2-24450645b5a9,1cea6d45-e946-4598-95e0-2af5eda225fa,2026-04-04 19:37:06
f0b91d18-51a2-429a-b7dc-97e2ae1979bd,50fce8cb-df2e-47fe-89b6-47635a82dbbd,55a067ca-8de7-4731-ab91-9f79fc176598,2026-03-05 02:57:34
816f9376-25c2-45c3-badd-cf202e8118af,188e662b-078a-499b-9bca-183279df16c0,09409554-6d14-427f-9a1e-a56d1ceecdd4,2026-01-14 12:58:41
83a58ae4-d2ab-43bd-b2c2-0fea4f44dda2,fa3a0765-4d11-4371-b17b-3b06f7d7faec,09409554-6d14-427f-9a1e-a56d1ceecdd4,2026-05-05 00:59:00
89af249f-8bbf-4344-979e-0cd2f259e143,cad0b8e1-f4f2-4333-8ec3-bb6105cb6b86,ba966808-2449-4793-8fe8-bcc333bdd603,2025-11-24 22:08:30
9553b851-e1d0-415d-9a49-5daf5f8b9e7e,00aa42c1-ce44-4a0a-8d2a-d0fad2a9c595,1cea6d45-e946-4598-95e0-2af5eda225fa,2026-01-06 07:00:06
f7f764d9-6b71-4fb2-a87b-9043a0f0cfc2,42498ae5-7dec-4ee8-a869-95a0fa29e29a,502540e8-ad44-4ede-bede-dc9be40684b9,2026-02-17 04:42:18
9c8440aa-ff75-45df-a134-6b0a50f54ebb,4d3d8d52-0000-4bab-a0c7-29a7a7783e28,665206c4-30d9-4794-8904-f4515483466b,2025-12-31 02:20:59
77de773a-214c-463f-959b-bd50638de7a6,622b7151-1d16-4eaf-b407-b1687c51a2de,52ea5fca-6fdb-42c2-90b3-6d69cadb7513,2026-02-08 12:27:30
89dcb0c1-b1dc-4542-825d-f6c895c5a746,73a4e106-d92d-44ab-8c85-e37dd9fe8684,b4eb03a1-f303-40f0-9099-c2b013035e46,2025-12-05 10:18:01
0a3665a2-e3b0-4ed0-9b4f-923621815874,db3afcc6-1a16-4779-adaf-4e1f0b0179ab,43ca9abd-4d63-430a-bd85-c38aec4cf261,2026-04-08 01:54:19
4b3f3034-d794-4c03-83cb-afce8676eac6,6fd72baf-df8c-404c-a3e6-d82534a94cdf,e01fac7d-a9a5-48e5-88be-d0a6a7c3de84,2026-03-08 21:16:26
6a51f7be-a3bd-473a-8084-30ec51881f6c,28343092-bd52-4430-908b-a4d493bbe517,30b248ba-8471-4ab4-95ee-c4b831a8f27a,2026-05-06 11:07:26
eaed14b7-1c38-49e6-9b95-cf469a223c86,85ba2e31-fa55-4696-8f82-60eb0d85b560,845896cb-5254-48d6-a168-3644fe7eeb4c,2026-04-06 13:30:55
05b356ff-e850-49e9-9c9f-6b98234bf9f6,1d313477-dfbd-4892-a82e-42af19fb59d1,2b6d318c-80fc-479b-8d1d-d3d24cb6e637,2026-03-21 21:28:04
ee4b302c-0beb-4ba6-a276-32d3881251bb,27508b67-edbb-4790-8ec8-43879c95c610,4614728e-6dde-4d7d-94db-4fbfba14dbfc,2025-12-24 07:29:36
649a63b5-9af2-42bb-8bb9-fa231f27b9c5,9b69836d-79ec-4a63-8e9c-ff90012667ea,b4ce4d1b-7870-4a7b-851b-cd5bac6375ef,2025-11-20 17:27:01
be5ebe40-9d6a-4108-8810-6ee2d7ea814e,6191a1ed-7b80-45f9-8a2a-91c3793059bf,b4eb03a1-f303-40f0-9099-c2b013035e46,2025-11-21 10:29:33
feac5263-5862-4d61-a286-61bd11a506db,595f499c-0a91-4ef7-b498-a3a322ee5128,11323a38-9782-472c-81d9-e55808938089,2026-05-01 19:29:32
ca121113-a25e-480a-b075-e941cc9a3891,6c4e36de-c942-4b38-a18f-f1f2d2b90dbf,e01fac7d-a9a5-48e5-88be-d0a6a7c3de84,2026-01-26 05:52:31
3af8bd4a-8d64-4097-8627-49a8326df9fd,1121543b-69bb-4039-925a-0d3773521f63,09409554-6d14-427f-9a1e-a56d1ceecdd4,2026-04-19 00:47:37
c9194d0b-0a80-45a7-bc7a-5c17adf9a751,3342420b-fce3-47f3-bd51-8692650bb5c3,cdefde42-3fee-46ac-950f-db94b5939acb,2026-02-06 18:23:25
9637b25f-36b9-4c77-b98b-9779cefa63a5,25182159-9666-43cc-931c-9f2ba770cb22,9f371917-c270-43c7-a426-195c07f2240e,2025-12-29 09:48:00
9158dc06-aa18-41cd-9256-9ec9017c9150,534cd723-f04d-460d-925a-fda690a0ac7b,3d1fc270-44bb-4778-9240-32ed85670a22,2025-12-25 12:57:36
3643f8ab-07ab-4ade-8374-91fcc4cef03e,9a9c61dc-b13d-4e23-be57-ee365f2c8bc1,e01fac7d-a9a5-48e5-88be-d0a6a7c3de84,2025-12-04 16:12:09
852054ce-d2b7-4073-904a-bdff1b5cc7c2,bee159ff-a975-4c17-b961-c56db1042f16,6293d6e7-7d3e-4540-9f1d-794948f7dd5e,2026-02-09 16:10:03
d5228395-ee68-4842-8858-4eef299ba24c,d1da99e3-055f-4829-a470-32102e7e705e,6293d6e7-7d3e-4540-9f1d-794948f7dd5e,2026-04-15 20:01:01
c15b38f3-d5dd-43dd-a67c-939c9373cb53,150da075-f461-4eba-b68b-ca3824352748,10c77c20-594b-4aea-b0bb-4b55ed74de35,2026-04-03 21:48:51
55e0dd9d-c7a0-41df-a201-152528aa11e6,81f60f7a-d84f-44c9-a095-9c4802e3d3fd,ac4f1fc1-df74-483c-b55b-0c3539830356,2026-03-16 06:47:09
4b29ead1-8e39-41ae-8885-9ace0a8fd1ba,c539247d-2734-4da3-9177-c524a0ffa3da,6c709ae1-5445-46fe-a38d-f2f4b0872f55,2026-02-07 07:19:26
40b14759-6e23-4dfe-9ef5-034cb5d39020,23358b5a-e527-4c23-94d0-b83ba3ca071b,c86b36d4-ceb2-43a5-87ed-94f9cf57aa47,2026-05-01 08:15:11
dbbdbea6-34bf-4ec0-9942-6081cdd7359c,5a2d26e1-8cd7-48a8-a8ea-04a31656ef54,09880585-9642-49d6-acbc-a9756cefba27,2026-04-13 02:28:10
4fd15230-6ff6-4ef0-84d2-aa27ad8bf73c,e567102c-2fb8-4c68-8756-bbf66d70fb8b,b4eb03a1-f303-40f0-9099-c2b013035e46,2026-03-01 02:32:45
0306232f-1b22-4000-8cdf-a472f0901162,898b548a-ff69-4cfe-a343-47820ba966e4,cdefde42-3fee-46ac-950f-db94b5939acb,2026-04-09 09:37:32
9c5479c4-dfef-4c83-89a2-ef6b14339c6b,db36a26f-633f-4a66-8b53-430115fab3f1,30b248ba-8471-4ab4-95ee-c4b831a8f27a,2026-04-02 08:32:33
f4f431e4-6542-4426-8805-13596a78376e,28e3663a-6a3a-488f-8608-f275b21df422,0cffec97-39b5-4a15-8771-8e6ccd8fb548,2026-03-23 22:59:52
10bc0915-3cc7-4f20-9f51-c805544ca1de,5cbc92b2-1388-4f8d-89e0-97ea3e39d4ba,11323a38-9782-472c-81d9-e55808938089,2025-12-02 19:10:36
8a479038-3df4-4ce1-a80e-b363c550cc9d,0c5f1a6e-d1e5-42e1-ada5-464affe5f7ff,4d86c1ee-8475-428a-886f-b95a0197d7a8,2026-02-21 03:11:29
444ff39e-f8a8-46cc-b63a-a44f167255ed,f944df8f-ca90-41b4-89b0-e4fb5eff3db3,09880585-9642-49d6-acbc-a9756cefba27,2026-03-09 16:48:34
7fd5011c-1a7a-470d-b40f-5b13b12fc8d7,22ca7db4-f2be-4798-98e1-27a937b38580,67084f6a-d962-48b5-88a3-824e55dbfad0,2025-12-21 05:50:50
bd07a749-049a-4de3-82b4-00affab7105a,91fec228-b6a7-4101-afe8-93e0495334d0,6c709ae1-5445-46fe-a38d-f2f4b0872f55,2025-12-17 20:54:28
8213080f-c915-4f9b-895b-89b444fb81f7,76409dc3-45c5-42e5-a3fc-b784ae80acdb,0cffec97-39b5-4a15-8771-8e6ccd8fb548,2026-05-03 04:15:58
8bf8279a-12d3-41c8-9e2a-fb83fa49f68e,3e451136-0c57-4b9d-90bf-61ead1c7827e,a99a1319-a218-498b-8451-7fb3dc12ade1,2026-03-21 19:54:41
5b6e6f5c-af35-40b0-a742-f4752d5f2033,ec76a9e4-90e2-4ae2-b9bf-1467c1aeab59,4d86c1ee-8475-428a-886f-b95a0197d7a8,2026-01-26 05:00:35
4cc62825-2084-4bcf-bf09-4d5f5e392590,e5215d2a-e9ec-4624-a2d9-2fdf55533050,c785a56c-84a7-425d-b7ae-2f997ed4f026,2026-04-19 19:30:55
f94ad21f-8652-4f63-9db0-01d5a9ce5067,554b86a8-d7e4-4b24-8ed5-71e840972eaf,845896cb-5254-48d6-a168-3644fe7eeb4c,2026-02-10 05:37:54
9df5c8c8-583d-4ce7-addc-790c08204ee0,2fb1c1a7-9e93-411f-be2d-b64a7698ae97,e479547f-65fe-49c2-8c60-2ad85984123b,2026-02-01 01:37:52
37065e95-ed5a-4876-b84b-a30a31434979,8f7dd1f0-d6e3-4d33-b062-66e209e041f2,6293d6e7-7d3e-4540-9f1d-794948f7dd5e,2026-02-12 15:55:58
5c040f05-5890-49c1-aad6-0de60e88c3b4,3690bde4-b404-493d-9189-e5387f10a72f,0e31ea81-db47-4b03-bb3a-c02ba90f0838,2026-01-17 06:57:50
167b7f26-1c88-4676-bdc2-2f28ce015138,e39d99a5-4403-4383-9311-a4745b4fe19b,67084f6a-d962-48b5-88a3-824e55dbfad0,2026-01-19 23:24:40
f48d8e45-b354-46ba-991b-373c7e00cb22,ab865c77-86c8-465e-a2f2-f41f4a084724,55a067ca-8de7-4731-ab91-9f79fc176598,2025-11-13 12:57:56
2aa51f02-a3c9-424b-a431-739d9d9965ef,07fbc890-2a74-48ea-8ce3-3dabe6bd802c,09880585-9642-49d6-acbc-a9756cefba27,2025-12-21 10:38:25
89ee0e30-2e01-4a93-a155-3758bbcc2625,a8dce836-5ad3-4b24-9487-03d55401f1a0,9f371917-c270-43c7-a426-195c07f2240e,2025-12-18 16:57:29
a83eb190-e45f-44cb-a103-e0e2b9bff762,623d0d89-2ee8-49e2-ad50-fe0c7ffc8597,3d1fc270-44bb-4778-9240-32ed85670a22,2026-03-16 09:49:50
8bb83371-27d1-4ec1-b597-c49e40be0b94,39c5b62e-c0ec-4eb0-b835-24c89c3bf9a0,6c709ae1-5445-46fe-a38d-f2f4b0872f55,2026-03-27 03:11:00
8204cfd0-60ed-4cbe-9936-f8288e38e3d4,bd7d6215-91cd-41d0-a21c-9e59efdc032b,6293d6e7-7d3e-4540-9f1d-794948f7dd5e,2026-04-29 13:55:32
00f8f72d-75c1-41ce-8784-bff8d6ddc0a0,2c9aeccd-6803-4ccc-9322-b30e69efd2bf,ba966808-2449-4793-8fe8-bcc333bdd603,2026-03-01 10:45:53
df0d3767-d684-450b-9fc2-67ea28c5a740,9ab4ac1c-d805-4bac-86fa-050a6f00cde3,6293d6e7-7d3e-4540-9f1d-794948f7dd5e,2026-03-22 07:33:27
c514935b-fb60-4e0d-9e70-6ebc02a48d71,6229fd41-f397-4c78-9f38-23c859d03e46,3d1fc270-44bb-4778-9240-32ed85670a22,2025-11-20 14:56:27
7fb0e857-512c-486b-a184-110d64e766a7,463c61f1-d62a-4d71-9bc2-7aaa5b08d67d,b4eb03a1-f303-40f0-9099-c2b013035e46,2025-12-01 03:37:29
cbdf0feb-e31a-454e-a7ad-5751bd593366,aa6144da-f18d-48ae-aaed-fe943c456249,f1112344-3c2d-45f8-a600-bdf9d6c92c19,2025-12-15 08:18:52
23822393-33ed-44ba-b7ef-60e13ca54dbb,26be0d9f-4dd8-4c82-a8cd-e425b9339d22,2630cfe2-bb0b-4c34-bcab-5cbcee34b476,2026-03-03 18:29:51
7bab265d-17fd-4241-8947-1cbf7da6239c,4597104e-008f-4b68-9eb7-2afdd30d019f,8885f679-28be-46cc-bca2-cbd1b3b5ffb8,2026-01-27 12:28:19
52923379-861c-407f-8b68-0bb04e8c78cb,99b3674b-9248-4683-90a5-8ed5c7c77a78,11323a38-9782-472c-81d9-e55808938089,2026-04-22 09:44:15
755f72a5-33da-4273-9a1b-a7f1fbd59ab8,bec77934-5d27-425e-9789-8f671099ec00,67084f6a-d962-48b5-88a3-824e55dbfad0,2026-03-29 16:50:19
3e665ab0-f495-444e-a9a2-d88c455fb45e,99e682cc-0316-4d06-9cc0-d5355ad7ed50,55a067ca-8de7-4731-ab91-9f79fc176598,2025-12-15 13:52:11
19f937bd-a7f6-4d45-9bbb-291cf2e14f79,44bc47a4-e374-4042-86bd-9ee76476aa0a,6293d6e7-7d3e-4540-9f1d-794948f7dd5e,2026-01-15 17:21:22
909728c5-8baa-4d60-96e1-03f3fb1165d7,2e35dc71-2544-467c-967f-d9bba5d54d25,25a736a7-a435-4138-bd1d-50f47492ee31,2026-04-26 05:21:44
522a0c15-6f8e-44ce-b920-b9967982ac0e,935c3946-3762-44f5-a226-4609a6435c98,2f4a3081-fcd4-43f5-9fc4-1576aedbd6c5,2026-01-10 20:31:10
438db5ba-1d24-437d-9fac-17410afb4351,230824b0-43ed-4587-848f-99f276e9efee,502540e8-ad44-4ede-bede-dc9be40684b9,2025-12-05 12:20:43
70609b72-6dc0-45c6-ad71-77f5db1982d0,c729a02f-61c4-43df-a017-0b9a3b8b5629,b4eb03a1-f303-40f0-9099-c2b013035e46,2026-04-04 12:36:46
c8357fe7-d8ef-4e9c-b2a8-f90afa9da13a,661d1b46-3e1e-462b-a1d3-03942ea72618,f1112344-3c2d-45f8-a600-bdf9d6c92c19,2026-02-20 17:16:36
4aa32392-7379-452d-873e-373171a7aba6,3d6056ca-aadd-470d-a9f6-5d078c2724b6,845896cb-5254-48d6-a168-3644fe7eeb4c,2026-05-02 22:18:19
043fa9f1-4222-4060-a95d-fc1f73f01643,3416a12a-b20a-466f-ac26-64eb1ec14e8e,502540e8-ad44-4ede-bede-dc9be40684b9,2026-04-13 19:02:46
9ee2ac49-37f0-40ea-ae34-deacc65535bb,35291647-a272-48c3-a391-d2dfe8a9f412,b4eb03a1-f303-40f0-9099-c2b013035e46,2026-02-02 02:21:15
9e1a473e-a1fb-46af-b661-ee0d552bc5c6,ff0767fd-58f9-4b8d-a374-c9dd836d5d56,8f9d23b0-49f1-405f-9991-5fb83dad81fc,2025-12-21 08:59:58
86c680ca-3e9b-466e-b010-0c0f71e76290,fbc403b5-23e2-4902-84a0-87133d421371,43ca9abd-4d63-430a-bd85-c38aec4cf261,2026-02-07 00:31:57
321db26b-46c1-45b4-8498-af41e7f6d99e,72ecce2e-1271-4af4-a0dd-c00c9e849503,25a736a7-a435-4138-bd1d-50f47492ee31,2026-03-02 15:15:11
c2440735-cb0f-4576-86e6-21034f9db7ad,adada0ef-c40e-4e0b-85e0-817f1b849d42,55a067ca-8de7-4731-ab91-9f79fc176598,2025-12-15 05:31:47
27cedfc1-2866-443d-8c67-9fad43ea8ff5,5cab994f-2fa2-41a3-970b-a1e7a9b21f10,2630cfe2-bb0b-4c34-bcab-5cbcee34b476,2026-01-27 22:17:08
eab17feb-f9e5-4dfa-9470-f3a4459ca87d,b1bf144d-c449-4668-9e65-7aec860b559c,f470eeec-90f3-4d9e-a649-e30cc7235307,2026-02-10 01:32:42
38c77d58-4b52-4dee-b571-a3c44ef7c72c,8addd1a4-4b28-4abe-b2d7-ea3139a8b8da,9f371917-c270-43c7-a426-195c07f2240e,2026-04-24 23:04:09
ff83b389-9846-4274-b397-bc4e43e5cf04,ab8758c2-a8a4-491f-a0c6-ce37407e8693,502540e8-ad44-4ede-bede-dc9be40684b9,2025-12-26 03:23:58
a56fcec1-951f-4633-b787-67b138081d9c,190f555c-99a3-4ac5-af3b-08305c33c5c1,10c77c20-594b-4aea-b0bb-4b55ed74de35,2026-04-26 13:00:02
bbfdfd70-5987-46bf-b1c3-4e064cb2acf0,07e71e41-0a56-4781-87f2-ebf82b969882,c785a56c-84a7-425d-b7ae-2f997ed4f026,2026-03-11 16:38:35
562e930c-d0ae-4962-84e3-44c35ed11a76,42c5f9a6-c9ed-4343-909d-557d80f6b4ef,e479547f-65fe-49c2-8c60-2ad85984123b,2026-03-18 04:03:33
3a332582-0025-40a1-82fb-c9cc485ac92f,3d52f0c4-d1e5-48c0-b240-79ceb5f4bb2d,2630cfe2-bb0b-4c34-bcab-5cbcee34b476,2026-02-25 18:31:44
005cae5a-1d33-41c9-b265-a26db0eb8380,42e4191e-f957-4684-a7bf-54cf4d97cd87,2b6d318c-80fc-479b-8d1d-d3d24cb6e637,2025-11-18 03:00:34
62ab7c75-7b7f-4892-ad0c-30ce1416038f,53359542-c78b-42bf-9b9d-911ce36fcf5d,f49dc8e9-87a6-4171-ac79-5e2b70db6b85,2026-03-11 18:28:00
83ed08e8-7d28-4d62-97d7-49526876f746,8a8d3cad-2241-4dec-899d-467fc48202b9,f49dc8e9-87a6-4171-ac79-5e2b70db6b85,2026-04-13 05:05:55
a68d9e4e-b438-4f3c-b958-7ed4f3ced2d1,4181b6ab-95cc-40d4-8c9d-eac0df8231ff,c86b36d4-ceb2-43a5-87ed-94f9cf57aa47,2026-02-23 19:16:17
a47da0eb-48dd-4e37-b18b-012e61cf4857,63cf9234-b1d7-4a6c-82a0-dbdc997f3146,f470eeec-90f3-4d9e-a649-e30cc7235307,2026-05-02 15:00:19
e5acf725-3ce0-4c9d-b029-aa482e71e413,e3e7e6a8-b8f0-4d5b-83e6-24c150c18801,52ea5fca-6fdb-42c2-90b3-6d69cadb7513,2026-04-30 06:04:22
bb0abb8f-4cc5-4079-af5c-67bf3d6df465,5f956a45-cf38-4805-865d-f61815d8fcdb,52ea5fca-6fdb-42c2-90b3-6d69cadb7513,2026-05-06 05:44:00
e5be0b48-f97a-490e-b84e-a9f6ed1223a5,e0bee100-d53e-4c8f-b00d-4da90e55d6b4,bf7e68d1-6c92-47ee-abb9-b8c71150a7df,2026-03-30 04:02:19
ecea28ec-bc57-4b1e-abc1-9631ca2039b2,068ebf91-c5a2-4ccc-a838-3856f4d27f6c,f49dc8e9-87a6-4171-ac79-5e2b70db6b85,2026-03-14 20:54:38
cfa88411-9e43-4961-a35f-6de2889afacb,75c9ba42-7abd-46f8-bbfc-202ca81a5365,1cea6d45-e946-4598-95e0-2af5eda225fa,2025-12-11 00:29:04
9708c919-59c3-4476-bda2-5526dcebaade,627499b6-75cd-4a5c-8583-97334fa402ad,8f9d23b0-49f1-405f-9991-5fb83dad81fc,2025-11-15 16:41:14
2eb3bf9d-4dcc-4f45-b3aa-9b15e937515f,ef4ac02c-a1bf-4d07-887a-ab775dde4d81,ba966808-2449-4793-8fe8-bcc333bdd603,2025-12-07 07:28:53
22331705-d9d0-4e68-b9e3-ede18e4769fa,85ff1eb3-ac89-41c3-a866-fae76ecb1cb7,4d86c1ee-8475-428a-886f-b95a0197d7a8,2026-03-04 18:11:03
c700104e-0522-43f1-9948-7683a9b43565,5702d814-c52c-41aa-9ea0-1dbec462678d,cdda1f52-87a9-45ce-aa7f-018db76e9556,2026-02-24 01:06:36
aa34f677-7a1b-4ac7-bea0-35e5ca9b525d,e1ef06e0-ccf1-47cb-bf60-0cdb44ba30f9,b4eb03a1-f303-40f0-9099-c2b013035e46,2026-01-31 00:43:06
b53e2ec6-3277-456f-a43a-60430dea75dd,bb70f2e1-51da-4c13-a924-d9917b0e9732,6c709ae1-5445-46fe-a38d-f2f4b0872f55,2026-05-02 07:06:21
a3cf9cda-3371-4b17-9308-22cca3859f69,c6f99a2d-8887-40e2-a49d-3656ec66712f,0e31ea81-db47-4b03-bb3a-c02ba90f0838,2025-12-03 15:18:50
89a61569-46c6-4288-949f-8f389419dabf,b23dcc6d-4de8-4ea3-b54d-452cebabb559,ac4f1fc1-df74-483c-b55b-0c3539830356,2026-01-25 16:25:09
fecf1097-e198-432d-94ab-b706a0dcdb4b,b8798fdc-14e5-4360-ac11-814c67b878d0,f49dc8e9-87a6-4171-ac79-5e2b70db6b85,2026-04-08 20:23:53
1894ee07-9bfb-4b8b-9554-18d090aeddef,3e66699c-e311-4afe-bd07-3d006938d32b,3d1fc270-44bb-4778-9240-32ed85670a22,2026-03-25 07:27:40
7a5130f9-24d2-4a61-b09c-4b02f88ae69a,8ce2c865-58b1-4ec2-b49f-5e27dbdbc4d3,e8333701-ba13-454c-bc06-312c9c330495,2025-12-06 13:24:07
818ffbd2-dde1-47e9-96cd-5c17a12bf24c,91d06118-48e0-4622-8f0b-8059bfa8fec6,1cea6d45-e946-4598-95e0-2af5eda225fa,2026-01-02 02:02:14
485eb925-f5f5-4b23-b6a2-5304ead4002b,d9a8b5b7-9ddf-4463-9c17-7ec9bf79a23a,40532321-f9a6-4337-96a0-f4fa828d83ce,2025-11-28 21:37:29
e8c0be22-48a0-4a9b-b434-779d8864d571,e019ac9f-c587-436b-ae2f-e37c2da1ac5b,67084f6a-d962-48b5-88a3-824e55dbfad0,2026-03-15 16:04:23
9cb28363-7ac5-4f9e-a6f8-169e79f2dbc8,141e934e-6a6c-4a42-80cb-3e5a5b4fd9f2,ac4f1fc1-df74-483c-b55b-0c3539830356,2026-01-18 00:42:15
1e882dbe-44ae-49ce-bfbe-56cc198d691a,733b94c1-4a1e-4355-8f70-7aa62e5fe5cb,3d1fc270-44bb-4778-9240-32ed85670a22,2026-03-26 03:54:36
f9cfd8a1-6dce-43d1-b6f6-070a34874a8a,1f997947-f4f9-4d04-871a-39b0f22222ab,c86b36d4-ceb2-43a5-87ed-94f9cf57aa47,2026-02-04 00:00:14
5eaeae8a-ee6b-46d2-806f-eb7566a4f1fc,acf5ea53-90dc-464a-a7c6-f74f0c6357af,f470eeec-90f3-4d9e-a649-e30cc7235307,2025-11-22 19:22:37
db8d958a-7aab-4f33-b579-e38a8953ca68,fa03f637-3b7a-4c9c-9766-da8c0dba0e41,e479547f-65fe-49c2-8c60-2ad85984123b,2025-12-25 12:33:58
daa28b45-9a0f-4bcb-ac6e-07f3b435bda6,c054bc4e-fd2d-483d-bd89-793b32af4c7a,8f9d23b0-49f1-405f-9991-5fb83dad81fc,2026-04-22 03:12:08
75262e95-58ea-4216-ab63-e12c862e46b0,7ec52d1c-f61f-4e35-bb66-a5cc8b7316eb,2b6d318c-80fc-479b-8d1d-d3d24cb6e637,2026-04-26 22:14:13
24bee0d5-81b8-4e03-bf6c-28a461287bbf,c4799a06-c15d-45be-94ef-d91aec097373,11323a38-9782-472c-81d9-e55808938089,2026-03-10 15:43:06
497f09d3-692c-4055-a107-6e457af399d3,7ee4c464-7ee6-4d6c-b728-d73ea5592c34,502540e8-ad44-4ede-bede-dc9be40684b9,2026-01-16 18:53:34
aa33d7a0-25d5-41b9-9e0f-62123e47c2fb,fd3f50a4-19f3-416f-86ed-fe77ed72c80f,e01fac7d-a9a5-48e5-88be-d0a6a7c3de84,2025-12-28 19:39:05
d003a379-2cd5-44f2-9444-14fd0ed0f491,94ee5039-7755-4743-8da6-a76602d5e1b4,0138ebef-ee40-4f1c-8694-54fae360ec35,2025-12-05 17:17:33
91179437-0530-41ab-9a57-4a386e4df01b,408489c1-25f1-47ad-9d96-698ff0674a13,cdda1f52-87a9-45ce-aa7f-018db76e9556,2026-01-10 22:35:54
38f03cc0-f8b8-41ec-b50f-578412e0df63,3a54a482-28a7-4f38-9692-fcd860d3609c,6eac0341-252c-46dc-9555-9b8d21bd106e,2026-02-22 22:33:48
33f80121-bc21-4353-a720-673383bc4096,36001b39-061d-4183-b10c-39892d7d2a3a,ac4f1fc1-df74-483c-b55b-0c3539830356,2026-01-28 01:57:50
27f0be5f-8d22-4175-aed6-1bea18f942d7,18264a55-5083-40fe-805e-e194d2ae157f,e479547f-65fe-49c2-8c60-2ad85984123b,2026-03-18 14:20:14
79b35d7a-33b8-4631-92bc-ee7e8a9d761e,20a5235e-5830-4f31-bd9a-a1106f2c0db5,8f9d23b0-49f1-405f-9991-5fb83dad81fc,2026-02-22 11:29:30
03e2fcd1-bee6-45ed-9ed7-834f2b6402af,87b0d168-ea0f-458b-9fa2-5b7676d3542d,f49dc8e9-87a6-4171-ac79-5e2b70db6b85,2026-03-25 00:51:19
5064ff11-67e1-4f69-80d0-13a420aa2be2,999ffdf2-9e08-4a22-b324-b7884a206205,2630cfe2-bb0b-4c34-bcab-5cbcee34b476,2026-01-20 22:35:22
afebc9cf-2aaa-4c8f-9d39-801ece924d3a,e37c5cac-97bb-4ca8-887c-25b71fa1896a,25a736a7-a435-4138-bd1d-50f47492ee31,2026-01-14 13:28:37
bc02ff1a-e671-40f2-9647-c3bc767785a4,02ec2d02-54ca-419b-a961-e343ef1d737a,0886fe23-3a95-4f92-bc63-fe30c282d010,2026-03-03 16:24:37
97d79a6b-93c4-4872-9e79-e0fbc2cbf482,168d1efe-ec1b-4be0-a749-80f8acef5955,0886fe23-3a95-4f92-bc63-fe30c282d010,2026-04-15 20:19:23
3d01a72c-ade3-4da3-ad73-3b5182da0680,4154f4ed-ebbf-4549-8451-19b44edf023b,8f9d23b0-49f1-405f-9991-5fb83dad81fc,2026-03-01 14:21:54
03a245f1-8c47-4bd0-a545-437dc2b9f6e7,4aa8178f-9942-4977-9932-7d66d0022aa7,a99a1319-a218-498b-8451-7fb3dc12ade1,2026-01-14 16:29:54
96881b93-0016-4ef2-a8bd-c376424acb84,db26b423-62b2-4f48-9ce3-3f1e66948cad,f470eeec-90f3-4d9e-a649-e30cc7235307,2026-05-02 20:57:30
4571885b-3851-4ae0-a24b-262a40fc5ffb,3375aac3-114c-4d73-b7ca-a9338c23b700,cdefde42-3fee-46ac-950f-db94b5939acb,2026-04-04 04:36:49
8996d29b-3357-4c9f-b866-9d7a91ffce96,3e7eaeb6-c0b5-4af0-8ccf-71d60462a300,cdefde42-3fee-46ac-950f-db94b5939acb,2026-04-26 17:42:31
cd303388-a8e6-4830-b2e6-f81de420f471,04784d02-a42d-4354-84ad-9400dbc15e60,09409554-6d14-427f-9a1e-a56d1ceecdd4,2025-12-03 23:26:39
3a8ca66a-ca0a-4aca-898b-f6e1267f0bee,b4d7b70b-4831-4f30-9169-fc79a7271dca,a99a1319-a218-498b-8451-7fb3dc12ade1,2026-01-04 13:12:26
b7d8d0c1-46aa-42fe-97f3-95dd2c15e10f,1ba362eb-83df-44e6-8864-39b26c1e5c70,e01fac7d-a9a5-48e5-88be-d0a6a7c3de84,2026-04-20 11:35:47
b4338b46-8d58-4aa5-afd0-b2a48db2640d,90c18cd1-f003-4fb0-a8e7-a8d2fdce936f,4d86c1ee-8475-428a-886f-b95a0197d7a8,2026-01-02 05:06:45
2f8c410b-e42f-46a9-b7bc-b2ffe4432c69,18a538f6-1b68-4f11-a05e-7ba78bfedaba,2630cfe2-bb0b-4c34-bcab-5cbcee34b476,2026-04-01 02:10:09
b84733ea-aa3e-454d-9788-d104a6079147,f413a2c1-dadd-4d6a-b657-28d52d158766,9ff7aa17-cdef-4ae4-8854-165791ca0eb4,2025-12-04 02:16:18
c20d8f79-f1b9-44cf-9ccd-20e0481c709b,399dd1c2-5599-4455-a9b0-ee24dde163aa,e479547f-65fe-49c2-8c60-2ad85984123b,2025-12-17 05:25:51
ee36432d-869f-4db4-838c-e847ad8fd366,4dc5bfff-f1ab-4765-9dc1-ceb26cf92912,1cea6d45-e946-4598-95e0-2af5eda225fa,2025-11-25 05:33:09
e7c967d6-4a06-4d44-b8c4-4b7fea7958b4,e99b65a3-81b8-41be-9180-14984eb596cb,f470eeec-90f3-4d9e-a649-e30cc7235307,2026-04-27 21:54:18
b0230513-a146-4fdb-a79a-16e7ed6a3e92,305e7f80-574e-40fa-aaba-6a312837cc01,09880585-9642-49d6-acbc-a9756cefba27,2025-12-29 07:08:35
41daad8c-0cd0-4681-a2b2-89d298c488f6,57887d06-b553-430e-8224-58e294600678,502540e8-ad44-4ede-bede-dc9be40684b9,2026-04-03 04:04:58
18c136b9-f636-41ae-b627-80a779efd459,a940c349-c158-4009-9eb7-b52790109a6b,db7e2101-b84a-4240-b5b4-f199cdc672d6,2026-03-29 12:32:43
ea624a58-2527-4f0b-81b5-7e96319f07a4,3abf67be-ee70-481a-b593-3c43ae2a53f4,67084f6a-d962-48b5-88a3-824e55dbfad0,2026-03-03 21:43:24
f1823b5e-48c1-44b7-8068-7121e6836333,f355c22b-c861-4f8d-a02f-f5b5ec14ac87,67084f6a-d962-48b5-88a3-824e55dbfad0,2026-03-23 02:48:50
9ff127e6-c219-4c91-87a8-55e5630bf998,dc9e1393-e9bf-4ad8-aae1-119a7a412af9,e8333701-ba13-454c-bc06-312c9c330495,2025-12-18 22:19:04
2a05bf28-7026-4dc5-8514-715ebcc0f7b0,da767943-eec2-44b4-85ea-167a2e579301,8885f679-28be-46cc-bca2-cbd1b3b5ffb8,2025-12-01 01:18:21
47906153-1621-410b-89d6-df3bf3e84a75,1a5cfcf4-4ac3-4866-a2a2-0dc385e4cadd,2630cfe2-bb0b-4c34-bcab-5cbcee34b476,2025-12-25 01:13:42
ac6a535b-12b5-4ae7-a913-be621c0ca0da,a1f2f13c-98c4-40bc-9e34-f85a17b47e80,4d86c1ee-8475-428a-886f-b95a0197d7a8,2026-04-01 06:46:14
1bf3e8b4-92ee-4702-8c0f-447e9f0990b3,c0cc701c-6b7d-4b44-adcd-5f3e975767ce,4614728e-6dde-4d7d-94db-4fbfba14dbfc,2025-12-18 20:56:29
18b8277a-1bc0-43f7-ac78-4e39604b1896,121e4467-46c6-4837-b68f-ff5466cd309b,30b248ba-8471-4ab4-95ee-c4b831a8f27a,2026-05-03 19:32:32
98227aa8-1f0b-40b8-8370-4a3098a7368f,f207dc53-1903-45b4-a5b5-55e4e2c9b306,f470eeec-90f3-4d9e-a649-e30cc7235307,2026-04-02 00:03:16
071cc5ff-b69e-4c46-b59a-6724c63acdb3,44243e17-f981-4fe0-8196-2565e33f5eec,0138ebef-ee40-4f1c-8694-54fae360ec35,2025-11-11 09:11:27
38c2a3c2-bc8a-4118-ad67-5ac790d281da,334e0531-4a75-4011-a85f-178462a64141,0138ebef-ee40-4f1c-8694-54fae360ec35,2025-11-15 17:17:42
7c688dc2-5039-45d2-a856-6af76dc621fa,fd95cf7d-a38b-4f53-b13d-10f214e76866,6293d6e7-7d3e-4540-9f1d-794948f7dd5e,2026-03-19 22:20:49
c26a5907-969e-4da5-9bd1-338c15b99477,94c62575-1104-48aa-91df-1e214322361a,ac4f1fc1-df74-483c-b55b-0c3539830356,2025-11-28 23:51:08
e3f6cdac-3db4-4b86-aca2-5ce18960cdde,3d78ccc8-f246-4bae-88aa-2c1027ed2c29,09880585-9642-49d6-acbc-a9756cefba27,2026-04-13 17:40:23
fb9e72a0-d732-4f69-8a8a-86b2598b159a,3280fa8f-2916-4e55-ab1c-cfad20028e97,bf7e68d1-6c92-47ee-abb9-b8c71150a7df,2026-01-02 20:44:32
98d4f14a-f41b-45aa-846e-761a37722bf9,a280e09a-3a10-41df-80a2-5824ad8de9f8,9f371917-c270-43c7-a426-195c07f2240e,2025-11-22 20:13:43
905ff2a5-3f0a-418b-8573-b2f51f1cb70c,17955f18-ec03-4d2c-a9e1-1a6bf38fd235,0886fe23-3a95-4f92-bc63-fe30c282d010,2026-02-02 20:56:47
f6573c72-eb2e-4438-ba1b-d6febbae3a7d,0a28576c-fea1-46d7-abcc-1b75eb188824,8885f679-28be-46cc-bca2-cbd1b3b5ffb8,2026-01-13 18:34:45
cd6ad5eb-2185-4d0b-bbdc-813ebe21af0e,33b1bc79-e70a-4ad0-9bed-d4b7c1ce77b4,52ea5fca-6fdb-42c2-90b3-6d69cadb7513,2025-12-10 16:58:30
9e737b61-80be-4949-9d79-a456c93f2ef4,a76362a6-65ef-4651-9497-ce4a4cc612a6,ba966808-2449-4793-8fe8-bcc333bdd603,2026-02-13 06:54:01
589275ba-b013-4ea7-b675-6858316e9500,6da00608-6611-4588-9fb2-e4a2b72a6494,2b6d318c-80fc-479b-8d1d-d3d24cb6e637,2025-12-11 08:01:03
2c718263-fea1-4bba-8320-d2a802628ffb,bba859dc-54e5-46cd-bff3-c0aea07fd94c,6eac0341-252c-46dc-9555-9b8d21bd106e,2026-02-05 18:46:14
5b529edb-3f06-4844-8c77-f7b372c4f757,33d8d864-e227-475c-848f-565f2fffafe0,25a736a7-a435-4138-bd1d-50f47492ee31,2026-01-10 01:52:13
985ab8d7-5b10-402c-8097-6c892444a4d8,dbfd7d82-7f4f-4c2b-8424-27e4e87c4f9f,b4eb03a1-f303-40f0-9099-c2b013035e46,2025-12-03 11:35:19
344e7e1b-c347-491d-a93e-c0e06af43127,f71367f0-559e-4483-8474-23192904db05,52ea5fca-6fdb-42c2-90b3-6d69cadb7513,2026-03-13 06:55:12
92d1636b-cedc-4b45-adab-2bdaaadc1e42,33122c2c-6348-49dc-96ea-50254951ba78,f49dc8e9-87a6-4171-ac79-5e2b70db6b85,2026-01-13 20:30:12
7d70c82d-149c-4079-8e30-664b0e5cc2b6,b1216282-7445-4de4-b4af-6e01adfe7cb3,b4eb03a1-f303-40f0-9099-c2b013035e46,2025-12-20 07:43:01
a36d5f24-a606-4781-8eef-cd8ea90de5aa,24281349-276d-4cb8-9832-e989b1d7da0e,a99a1319-a218-498b-8451-7fb3dc12ade1,2025-11-11 18:28:41
6f70eb63-4226-497b-ba74-d81e4f7a768c,f084ce55-ce46-476f-9ec0-46acafd9df57,502540e8-ad44-4ede-bede-dc9be40684b9,2026-05-10 10:32:32
da7499ac-753d-4d4d-a926-e3a813633d67,bf1d38a1-de4e-4482-9057-73fcd0c30051,b4eb03a1-f303-40f0-9099-c2b013035e46,2026-03-21 19:14:58
c48d3a36-792d-42ef-869c-48c872ac558e,755d5a48-9ef5-468b-8cfd-a5a719d2dc67,e479547f-65fe-49c2-8c60-2ad85984123b,2025-11-20 11:34:52
43e7cd2b-3486-4080-ac40-dccea41d0bfa,663bb4ec-ecb5-43ba-bbbd-549a4827fe56,0cffec97-39b5-4a15-8771-8e6ccd8fb548,2026-02-17 11:03:53
fc58cdb9-c88d-461c-9ed7-fe0397a3fd72,1f6dba28-2e21-4be9-b48d-c9ceecdbe520,b4eb03a1-f303-40f0-9099-c2b013035e46,2026-04-11 11:39:58
49341a83-9b1a-4d8b-a11c-4c4f7f50a14f,29b10459-34da-44b1-a3a5-ee8f6db022d3,e479547f-65fe-49c2-8c60-2ad85984123b,2026-05-04 10:54:51
260615b4-1760-406f-bf24-5e94cedecda2,7c02bde3-76c8-4278-a9ab-03ead191b768,0cffec97-39b5-4a15-8771-8e6ccd8fb548,2026-05-03 20:48:00
90763f6b-0e10-4d23-a9d9-7ed362a5686d,d5a2400f-3e69-4839-8fa8-7c5891fb8613,cdefde42-3fee-46ac-950f-db94b5939acb,2026-03-25 13:34:50
0d2f8d87-61c5-493e-ab41-1747589dea18,088ce6d5-d3f0-4648-ab69-39d5708b7314,09880585-9642-49d6-acbc-a9756cefba27,2025-11-13 23:46:09
7c23d726-dbda-4a8c-aa93-2a1377906af0,9ddd1632-e817-4559-be8d-22d1282363d3,0886fe23-3a95-4f92-bc63-fe30c282d010,2026-01-04 18:27:04
cacc4314-5406-4d91-bd39-99919dbf4253,9e45784f-ed5d-4a76-9811-a91c486a8e4e,2b6d318c-80fc-479b-8d1d-d3d24cb6e637,2026-04-09 17:13:12
096560d4-dcf7-4830-90b8-c5214202dc3f,32076a49-bf41-4c3a-8ee9-c4dfc1030479,2ba15d70-07b8-4780-97b1-1c8106388278,2026-01-24 18:07:08
fbfdae64-1515-4e16-87d7-c7f1606bd1b5,1a549b8a-c203-4427-aff2-6f3c4615dc94,c86b36d4-ceb2-43a5-87ed-94f9cf57aa47,2026-03-22 21:28:28
ac29d8fc-3884-4b6a-a350-914dc6443bba,1a5b70f5-3ca4-4d4c-8efd-8ff3ae7a351f,665206c4-30d9-4794-8904-f4515483466b,2025-12-01 04:25:52
8b5ef291-ccbf-46e4-bc45-30665b666c18,2ad3a818-f3d9-445e-9401-5219200c6743,665206c4-30d9-4794-8904-f4515483466b,2025-12-05 01:58:52
c27a4022-be0a-4c37-a9ff-41ad18ae3e12,82731d9e-a3cb-46f4-a727-37d3f339fcb0,6eac0341-252c-46dc-9555-9b8d21bd106e,2025-12-13 02:25:59
6b2e8d96-162f-41c1-9390-76337820feb1,9407da61-4832-47d3-ba90-9098c6c66380,9ff7aa17-cdef-4ae4-8854-165791ca0eb4,2025-12-27 10:00:42
44dd534b-02d8-4b09-af9d-a0645139eb4c,656fd1eb-bdec-4d6b-b29a-65b88b0ba7c3,11323a38-9782-472c-81d9-e55808938089,2025-11-19 15:25:03
43d652c9-41bd-4e94-9c2a-64434c6303df,dd2df0ca-fa9b-4bd6-a4f3-13694423b41b,502540e8-ad44-4ede-bede-dc9be40684b9,2026-04-11 21:19:48
9c4c9fe0-7559-4e17-8ff8-e31bfcaf63d1,55a1ba07-061f-43a6-abe0-4194f3c04463,25a736a7-a435-4138-bd1d-50f47492ee31,2026-03-30 08:54:02
4a198f3b-e77c-450a-afff-dd108e4f18ec,0af87cb1-610a-4c9f-8f8a-8dfca4628958,bf7e68d1-6c92-47ee-abb9-b8c71150a7df,2026-02-19 13:51:16
eff31296-f2e0-46e4-b851-f633ec53fc03,19ddad41-53d3-45e4-a599-70f2c08a7b96,e479547f-65fe-49c2-8c60-2ad85984123b,2025-11-25 01:52:37
2739f9ac-e4bd-4327-a129-f0de84e38a4b,3564e264-8dcc-46d4-b4fc-3550b4b50ee9,9f371917-c270-43c7-a426-195c07f2240e,2026-03-30 15:52:01
80c11ffc-d39f-4ccb-83e1-a6167e277327,80c405d6-b6ca-4915-817a-93af9cda8937,c785a56c-84a7-425d-b7ae-2f997ed4f026,2025-11-13 13:55:37
f97748b1-3f83-48d2-b80f-6868a7330003,06a2e73f-46f1-41a9-9ef6-26df346b0b2a,1cea6d45-e946-4598-95e0-2af5eda225fa,2026-02-13 21:15:34
cc571947-1931-4d00-837c-c39a97933e94,3f6182f0-56da-4d67-93fb-603f62a02182,1cea6d45-e946-4598-95e0-2af5eda225fa,2025-11-12 09:14:36
ab1f007b-ae85-4730-9c71-3daf820177fe,b6a0a0f9-5cc3-4e8b-bbb5-94426527dbb2,cdefde42-3fee-46ac-950f-db94b5939acb,2026-01-09 20:37:55
6c07517f-f6fd-41e5-bf15-f5cbc282b30c,fe2ab334-0943-41a5-9d6b-4cca4cd158b0,f470eeec-90f3-4d9e-a649-e30cc7235307,2026-03-18 03:38:07
aef972d0-f6b8-42d9-bd60-106544bada73,b287a34d-a88e-4a3e-8563-5b03d300bf6e,09409554-6d14-427f-9a1e-a56d1ceecdd4,2026-04-09 23:08:14
a62c4913-0c5c-45de-b4db-429e439f0cba,1fedbf00-5c32-4e91-8e1d-989f07581196,0cffec97-39b5-4a15-8771-8e6ccd8fb548,2026-02-10 18:34:59
cc5e0763-d607-4168-881a-98081b5019fa,408d1329-3285-4229-8226-776f93477e5a,40532321-f9a6-4337-96a0-f4fa828d83ce,2026-04-20 16:42:10
f8a5e8a1-2c9c-488b-aeba-452b108c1d41,ff18378c-1c1f-4c5a-b8eb-ea9aec7e7c03,4d86c1ee-8475-428a-886f-b95a0197d7a8,2026-02-13 00:27:13
0049aa99-10a2-4e04-8c35-904ba0629e60,59a54074-383c-4ad8-813e-d4ee75582a93,b4ce4d1b-7870-4a7b-851b-cd5bac6375ef,2025-12-26 11:25:46
f2625318-11cd-4240-a5f7-c0203d35615d,e3971cf1-c6d7-450d-af92-974399b254d0,9f371917-c270-43c7-a426-195c07f2240e,2026-04-12 19:07:01
347952e9-9d3b-4d46-b04f-2128d0a82724,0065f0ce-5601-42b8-bc3c-719cbd506af7,e01fac7d-a9a5-48e5-88be-d0a6a7c3de84,2026-01-07 06:29:43
71985d93-be31-4a7b-84ae-d45972629cef,efa379d5-d2ef-43cb-8dbc-9f1e6f831c57,3d1fc270-44bb-4778-9240-32ed85670a22,2026-03-19 00:14:34
3530a7d6-6e1b-4410-8dd0-8e9ab1f3db04,0836f980-30ed-4b27-81f7-5fc8eef25137,8885f679-28be-46cc-bca2-cbd1b3b5ffb8,2026-01-18 10:49:44
90633cda-6933-4a22-ad66-4ff35c09c757,5b1df048-dd4f-4929-8fab-2354c3c448ca,db7e2101-b84a-4240-b5b4-f199cdc672d6,2025-12-27 10:42:16
cf4cd93e-172f-4a12-8fd2-c0b1f72c31e9,64622ddf-6dde-405f-b778-15e34da34d49,1cea6d45-e946-4598-95e0-2af5eda225fa,2026-04-10 08:31:38
d41be4ee-90e9-4fd3-bb17-323034f6c653,18a1221a-8c80-40fe-91d5-ef9ec016d9ac,1cea6d45-e946-4598-95e0-2af5eda225fa,2025-12-30 01:11:36
23d9e0a2-61c1-408a-bd95-d35d96a31cb6,e0a4829a-e5d7-4252-abbb-c1a0dd4a5e90,40532321-f9a6-4337-96a0-f4fa828d83ce,2026-01-05 09:51:29
918573c4-5d78-4597-a954-3115be513a2d,250c6b5d-d764-46f1-beae-5a14e821139f,845896cb-5254-48d6-a168-3644fe7eeb4c,2026-02-13 07:51:38
207f04bb-a975-4023-b442-1b4da83fa321,9e45784f-ed5d-4a76-9811-a91c486a8e4e,43ca9abd-4d63-430a-bd85-c38aec4cf261,2026-04-27 05:11:09
0f51ea12-19b9-4c5b-8fc7-24605ec1d694,0065f0ce-5601-42b8-bc3c-719cbd506af7,6293d6e7-7d3e-4540-9f1d-794948f7dd5e,2026-03-09 17:55:04
446d3cfb-db9c-4775-94b8-3616f7d4cd83,91fec228-b6a7-4101-afe8-93e0495334d0,09409554-6d14-427f-9a1e-a56d1ceecdd4,2026-03-25 12:03:42
122f3d65-c40c-47a2-a1cb-4270be6de427,5a2d26e1-8cd7-48a8-a8ea-04a31656ef54,0cffec97-39b5-4a15-8771-8e6ccd8fb548,2026-02-10 09:33:31
9f47cce3-55ed-44ec-bbea-9dd417f2d30b,c729a02f-61c4-43df-a017-0b9a3b8b5629,9f371917-c270-43c7-a426-195c07f2240e,2026-03-04 18:14:43
0e332134-a0c8-4c88-957f-0f796cc2c378,4d3d8d52-0000-4bab-a0c7-29a7a7783e28,f1112344-3c2d-45f8-a600-bdf9d6c92c19,2025-12-23 01:43:57
ef6e9168-bdfa-40a6-abbc-509bc63541ad,3d52f0c4-d1e5-48c0-b240-79ceb5f4bb2d,52ea5fca-6fdb-42c2-90b3-6d69cadb7513,2025-11-17 02:10:36
41088589-251f-4b70-bf76-f99b49118266,622b7151-1d16-4eaf-b407-b1687c51a2de,f1112344-3c2d-45f8-a600-bdf9d6c92c19,2026-02-09 03:05:52
e80b793c-a640-47f8-b782-1610a79ea6ce,07fbc890-2a74-48ea-8ce3-3dabe6bd802c,2f4a3081-fcd4-43f5-9fc4-1576aedbd6c5,2026-04-20 06:02:39
32a81b6c-3715-4c1c-8059-db191d885cc7,ab865c77-86c8-465e-a2f2-f41f4a084724,2630cfe2-bb0b-4c34-bcab-5cbcee34b476,2025-12-23 20:34:00
1abf0db5-8b71-4460-af20-b80d31937859,f355c22b-c861-4f8d-a02f-f5b5ec14ac87,c785a56c-84a7-425d-b7ae-2f997ed4f026,2026-04-05 16:39:08
ca72eaf8-0f47-4d32-89bd-9a5847924267,bf1d38a1-de4e-4482-9057-73fcd0c30051,a99a1319-a218-498b-8451-7fb3dc12ade1,2026-03-23 22:44:30
c14eddc7-3088-417a-a3ba-818aaa96e001,d1da99e3-055f-4829-a470-32102e7e705e,f470eeec-90f3-4d9e-a649-e30cc7235307,2026-01-03 13:43:57
f8217211-88e9-4a0a-841a-1f2ea585c302,0af87cb1-610a-4c9f-8f8a-8dfca4628958,b4eb03a1-f303-40f0-9099-c2b013035e46,2025-12-05 23:57:39
4bc16ac5-6cb4-435b-a105-c50382d125f4,50fce8cb-df2e-47fe-89b6-47635a82dbbd,cdda1f52-87a9-45ce-aa7f-018db76e9556,2026-02-24 03:40:17
d39612dc-8817-4b6a-bf13-3495c2634777,2b866ad6-d6df-4e1d-a1c4-27097c6ecf92,11323a38-9782-472c-81d9-e55808938089,2026-01-12 07:55:39
769f2824-f0bd-4b3f-baf9-cab79b476439,fa3a0765-4d11-4371-b17b-3b06f7d7faec,2630cfe2-bb0b-4c34-bcab-5cbcee34b476,2025-11-25 12:46:21
356a3f73-2a67-43fb-92bd-27a5790c7c6a,90c18cd1-f003-4fb0-a8e7-a8d2fdce936f,43ca9abd-4d63-430a-bd85-c38aec4cf261,2026-04-08 01:05:24
b0b7ea9f-4a64-40b0-9b4d-fce93b770aea,8f7dd1f0-d6e3-4d33-b062-66e209e041f2,2f4a3081-fcd4-43f5-9fc4-1576aedbd6c5,2026-01-11 00:04:16
74e43538-442e-448b-ba31-2f340b9a3caa,76409dc3-45c5-42e5-a3fc-b784ae80acdb,e479547f-65fe-49c2-8c60-2ad85984123b,2026-04-08 02:54:49
30f6ff59-7b58-43f1-841c-e69571af7d4b,18a538f6-1b68-4f11-a05e-7ba78bfedaba,6eac0341-252c-46dc-9555-9b8d21bd106e,2026-01-25 05:29:11
aebcfaf9-baed-4db7-ab15-05f17d625a36,44243e17-f981-4fe0-8196-2565e33f5eec,43ca9abd-4d63-430a-bd85-c38aec4cf261,2026-01-05 09:51:32
0c193a05-be2e-4da6-9802-abbe8714f520,3a54a482-28a7-4f38-9692-fcd860d3609c,52ea5fca-6fdb-42c2-90b3-6d69cadb7513,2025-12-07 02:07:00
abd346a7-1fd2-485d-b01d-be6be45c732e,9ab4ac1c-d805-4bac-86fa-050a6f00cde3,40532321-f9a6-4337-96a0-f4fa828d83ce,2026-01-04 03:32:44
4dced9d0-7729-4830-9efd-2bafd33ce849,6fd72baf-df8c-404c-a3e6-d82534a94cdf,bf7e68d1-6c92-47ee-abb9-b8c71150a7df,2026-04-14 09:48:14
77fd40f3-3609-4253-bf23-bed00dbb7354,534cd723-f04d-460d-925a-fda690a0ac7b,11323a38-9782-472c-81d9-e55808938089,2026-04-17 06:39:52
d5652ef4-9c68-4608-a9f9-4cffafb36e5f,0af87cb1-610a-4c9f-8f8a-8dfca4628958,c785a56c-84a7-425d-b7ae-2f997ed4f026,2025-11-16 18:32:02
5dd6bbba-3f69-430f-a573-cb554e6888c5,8addd1a4-4b28-4abe-b2d7-ea3139a8b8da,6293d6e7-7d3e-4540-9f1d-794948f7dd5e,2025-11-23 21:53:47
20e32a6b-85db-4f76-9c5e-7b43ec38ac88,bec77934-5d27-425e-9789-8f671099ec00,502540e8-ad44-4ede-bede-dc9be40684b9,2026-02-27 04:14:19
27ae745c-4a34-46d2-9d18-7e17a51a04c3,3a54a482-28a7-4f38-9692-fcd860d3609c,e479547f-65fe-49c2-8c60-2ad85984123b,2025-12-29 10:15:39
217a89f1-3413-415e-a190-34d2854df016,d1dcd99b-7612-42fb-a6b2-24450645b5a9,b4eb03a1-f303-40f0-9099-c2b013035e46,2026-04-27 18:32:34
8ba29541-8dc0-4288-b8dd-6155f5624d2e,85ba2e31-fa55-4696-8f82-60eb0d85b560,e01fac7d-a9a5-48e5-88be-d0a6a7c3de84,2026-03-09 05:43:44
b1d1e5f2-3cdc-4907-81fe-0135472eeb1b,ab8758c2-a8a4-491f-a0c6-ce37407e8693,b4ce4d1b-7870-4a7b-851b-cd5bac6375ef,2026-05-09 03:28:48
c5515923-072e-49af-b51a-532331950ee0,8ce2c865-58b1-4ec2-b49f-5e27dbdbc4d3,502540e8-ad44-4ede-bede-dc9be40684b9,2026-04-16 05:52:54
17bd7f2d-e416-42c0-9903-3905d54e6269,33b1bc79-e70a-4ad0-9bed-d4b7c1ce77b4,09409554-6d14-427f-9a1e-a56d1ceecdd4,2026-02-04 07:30:48
f95aeea9-399d-4da3-9704-6ffc4c68cfcd,02ec2d02-54ca-419b-a961-e343ef1d737a,8885f679-28be-46cc-bca2-cbd1b3b5ffb8,2026-03-11 00:21:14
cf4df252-b250-48a4-b57d-4cff259f09b0,b23dcc6d-4de8-4ea3-b54d-452cebabb559,0e31ea81-db47-4b03-bb3a-c02ba90f0838,2026-03-15 12:35:30
6910e417-9c84-460f-ab49-952ed91fe058,8ce2c865-58b1-4ec2-b49f-5e27dbdbc4d3,67084f6a-d962-48b5-88a3-824e55dbfad0,2025-11-28 14:12:37
a085dc17-1c38-4e8e-af83-45e5915f764f,190f555c-99a3-4ac5-af3b-08305c33c5c1,1cea6d45-e946-4598-95e0-2af5eda225fa,2026-02-19 14:41:54
32a619a3-abb8-444d-90d8-6e7db1d1f0db,3280fa8f-2916-4e55-ab1c-cfad20028e97,52ea5fca-6fdb-42c2-90b3-6d69cadb7513,2026-03-19 19:05:28
25ace620-4672-4dcf-93de-b16cf204f956,230824b0-43ed-4587-848f-99f276e9efee,4d86c1ee-8475-428a-886f-b95a0197d7a8,2026-03-19 05:42:18
0ab883a5-eeba-4c69-8023-7419b8bfe76c,3564e264-8dcc-46d4-b4fc-3550b4b50ee9,1cea6d45-e946-4598-95e0-2af5eda225fa,2026-02-12 17:18:50
8f77ce82-e2d6-494e-8684-2200dbec761d,3564e264-8dcc-46d4-b4fc-3550b4b50ee9,c86b36d4-ceb2-43a5-87ed-94f9cf57aa47,2026-04-18 06:25:39
bb82487c-9c32-488a-9c8a-4dd08b5978de,a8dce836-5ad3-4b24-9487-03d55401f1a0,a99a1319-a218-498b-8451-7fb3dc12ade1,2025-12-24 18:44:40
e69a4b0d-6386-42b2-a3b8-706e7d5e75ed,4aa8178f-9942-4977-9932-7d66d0022aa7,30b248ba-8471-4ab4-95ee-c4b831a8f27a,2026-04-19 16:56:54
a0c439a5-35a0-4665-824f-39c1015e1d9b,f084ce55-ce46-476f-9ec0-46acafd9df57,845896cb-5254-48d6-a168-3644fe7eeb4c,2025-11-12 06:35:21
66f158b7-9312-4d79-a7c4-167f1412cf0d,334e0531-4a75-4011-a85f-178462a64141,ac4f1fc1-df74-483c-b55b-0c3539830356,2026-01-05 09:45:32
4f2761b3-3c40-4334-a31c-45b888482675,0a28576c-fea1-46d7-abcc-1b75eb188824,4d86c1ee-8475-428a-886f-b95a0197d7a8,2025-12-22 09:55:10
f3b2f88c-ab50-4c64-8e9a-ab120cf8d87d,53dce1ee-cb5f-43a4-8cc0-f1a0ffbb1f8d,2630cfe2-bb0b-4c34-bcab-5cbcee34b476,2026-04-02 09:34:56
63c242e5-a168-4f94-8723-0fe7c67e8070,b287a34d-a88e-4a3e-8563-5b03d300bf6e,6293d6e7-7d3e-4540-9f1d-794948f7dd5e,2026-04-14 19:16:28
d284c0e3-3fb6-45c4-b2fe-7ba0e1b024c6,5cbc92b2-1388-4f8d-89e0-97ea3e39d4ba,c785a56c-84a7-425d-b7ae-2f997ed4f026,2026-02-20 05:53:58
e85498c6-a6fc-4efa-9454-cd6bb6cfe35f,595f499c-0a91-4ef7-b498-a3a322ee5128,8f9d23b0-49f1-405f-9991-5fb83dad81fc,2026-02-01 18:35:12
496d9840-ed9f-40ff-a23f-772b08a201d0,33122c2c-6348-49dc-96ea-50254951ba78,9f371917-c270-43c7-a426-195c07f2240e,2025-12-21 14:22:42
69e37af0-cf0a-48da-9a03-92c46c33016d,33b1bc79-e70a-4ad0-9bed-d4b7c1ce77b4,f470eeec-90f3-4d9e-a649-e30cc7235307,2026-03-04 02:12:11
c1662235-e7b0-432a-87c6-b6f09d932642,e37c5cac-97bb-4ca8-887c-25b71fa1896a,6eac0341-252c-46dc-9555-9b8d21bd106e,2026-03-04 10:07:04
e053cae5-8887-41a6-be55-b758ab92c8a5,2ad3a818-f3d9-445e-9401-5219200c6743,30b248ba-8471-4ab4-95ee-c4b831a8f27a,2026-01-03 16:45:29
67f866c5-3496-4e52-9e62-ddff7ecd2c20,55a1ba07-061f-43a6-abe0-4194f3c04463,4614728e-6dde-4d7d-94db-4fbfba14dbfc,2026-04-01 16:17:32
cd3cf151-b02b-45a9-b2e6-8daf8c72291e,bf1d38a1-de4e-4482-9057-73fcd0c30051,6c709ae1-5445-46fe-a38d-f2f4b0872f55,2026-03-20 19:16:24
df128045-acff-4989-8e62-aa21fde2e963,230824b0-43ed-4587-848f-99f276e9efee,8f9d23b0-49f1-405f-9991-5fb83dad81fc,2026-04-17 17:05:32
a63375b2-5603-4a5b-974b-242eafc6dab3,733b94c1-4a1e-4355-8f70-7aa62e5fe5cb,f1112344-3c2d-45f8-a600-bdf9d6c92c19,2025-12-06 09:04:02
438eb85b-22d6-4463-85ef-4f9d900c6ee6,fa03f637-3b7a-4c9c-9766-da8c0dba0e41,cdefde42-3fee-46ac-950f-db94b5939acb,2026-01-30 23:56:59
25b6de89-6867-4d27-8e77-dc692d6bed75,3d78ccc8-f246-4bae-88aa-2c1027ed2c29,1cea6d45-e946-4598-95e0-2af5eda225fa,2026-04-29 18:00:23
cd2b5345-f7f9-46da-8ca1-f15bfdeadfa4,18a538f6-1b68-4f11-a05e-7ba78bfedaba,25a736a7-a435-4138-bd1d-50f47492ee31,2026-04-29 12:10:34
7718cbaa-d5b6-41df-a863-824deaa1eb42,da767943-eec2-44b4-85ea-167a2e579301,e01fac7d-a9a5-48e5-88be-d0a6a7c3de84,2026-03-03 11:44:41
2d9cf8b7-d295-410e-8664-0bc833c9adcd,57887d06-b553-430e-8224-58e294600678,1cea6d45-e946-4598-95e0-2af5eda225fa,2026-02-27 03:12:49
6c73b8d8-9fee-4437-9f2b-9e45cbb04b8a,91d06118-48e0-4622-8f0b-8059bfa8fec6,6eac0341-252c-46dc-9555-9b8d21bd106e,2026-01-10 17:09:03
23b01e58-5771-4655-a6dc-3705c7d29e99,39c5b62e-c0ec-4eb0-b835-24c89c3bf9a0,43ca9abd-4d63-430a-bd85-c38aec4cf261,2026-01-16 14:36:12
81ee3270-1900-4c05-b3ab-ac10b617aca7,d5a2400f-3e69-4839-8fa8-7c5891fb8613,52ea5fca-6fdb-42c2-90b3-6d69cadb7513,2025-12-28 07:00:59
6946cd44-1a12-4eab-9540-00f63cfc9376,b287a34d-a88e-4a3e-8563-5b03d300bf6e,2ba15d70-07b8-4780-97b1-1c8106388278,2026-03-04 08:04:58
03ae68ee-e36f-4b2d-86a2-df9046586fd2,2fb1c1a7-9e93-411f-be2d-b64a7698ae97,db7e2101-b84a-4240-b5b4-f199cdc672d6,2026-03-20 06:05:50
449de1d6-5eac-462b-b872-ffbf65a1c05e,55a1ba07-061f-43a6-abe0-4194f3c04463,cdefde42-3fee-46ac-950f-db94b5939acb,2025-12-23 11:26:50
8f7aedb7-076c-45c5-a7a4-ed3f7d2677c7,32076a49-bf41-4c3a-8ee9-c4dfc1030479,cdefde42-3fee-46ac-950f-db94b5939acb,2026-02-21 00:40:50
ca456f29-0a73-443b-9814-0d72da1db22d,dd2df0ca-fa9b-4bd6-a4f3-13694423b41b,cdefde42-3fee-46ac-950f-db94b5939acb,2026-02-09 08:18:09
2547744b-dc08-4d15-8994-42996a1edda7,3280fa8f-2916-4e55-ab1c-cfad20028e97,43ca9abd-4d63-430a-bd85-c38aec4cf261,2026-03-12 23:24:21
587a79c3-b8a2-4b7c-84e5-90e0214f72a8,a76362a6-65ef-4651-9497-ce4a4cc612a6,8885f679-28be-46cc-bca2-cbd1b3b5ffb8,2026-04-13 20:22:39
f5e5b862-ccda-4ac6-8887-3baf85c4e983,06a2e73f-46f1-41a9-9ef6-26df346b0b2a,3d1fc270-44bb-4778-9240-32ed85670a22,2025-12-27 23:36:27
753e5d2e-7244-4902-aa32-bcd697dfcca6,85ba2e31-fa55-4696-8f82-60eb0d85b560,f470eeec-90f3-4d9e-a649-e30cc7235307,2026-02-12 15:15:07
1459e92f-f62c-4b5a-adda-eb99e8e5ad3c,ec76a9e4-90e2-4ae2-b9bf-1467c1aeab59,0138ebef-ee40-4f1c-8694-54fae360ec35,2026-05-10 13:11:41
88c1cdf3-d3fc-45a0-bd4b-21d71a5aefbf,c4799a06-c15d-45be-94ef-d91aec097373,db7e2101-b84a-4240-b5b4-f199cdc672d6,2026-01-22 03:11:22
4409f16e-65d6-4a71-a43f-0e9c19561f64,ff0767fd-58f9-4b8d-a374-c9dd836d5d56,4d86c1ee-8475-428a-886f-b95a0197d7a8,2026-03-17 18:39:28
5f882832-b3a1-42bf-9c81-f4e73dec0e51,94ee5039-7755-4743-8da6-a76602d5e1b4,502540e8-ad44-4ede-bede-dc9be40684b9,2026-04-22 23:28:33
6e9ca5b5-c5a2-458c-9792-42d7bc8ed756,86c68d93-e017-476b-8279-238419c649de,9ff7aa17-cdef-4ae4-8854-165791ca0eb4,2026-04-07 21:45:22
ae373351-f746-4749-9a58-227f90b85e02,33d8d864-e227-475c-848f-565f2fffafe0,665206c4-30d9-4794-8904-f4515483466b,2026-02-10 00:12:37
826faffc-f70e-4001-90a8-57e539837c75,1f997947-f4f9-4d04-871a-39b0f22222ab,3d1fc270-44bb-4778-9240-32ed85670a22,2026-05-03 14:03:30
47d95304-b98f-4c8b-aa44-05b10bfa68bc,6fd72baf-df8c-404c-a3e6-d82534a94cdf,e479547f-65fe-49c2-8c60-2ad85984123b,2026-01-23 17:23:54
c87cc80c-33b8-47b0-91d7-5ebf1e98a7eb,e019ac9f-c587-436b-ae2f-e37c2da1ac5b,c785a56c-84a7-425d-b7ae-2f997ed4f026,2026-04-03 13:33:53
c418eb95-4c2f-47b9-a29f-d5d749e3212e,e0a4829a-e5d7-4252-abbb-c1a0dd4a5e90,0cffec97-39b5-4a15-8771-8e6ccd8fb548,2026-04-23 17:20:37
eabb796e-3cfd-466c-abd8-1680aa33d140,29b10459-34da-44b1-a3a5-ee8f6db022d3,0886fe23-3a95-4f92-bc63-fe30c282d010,2026-04-13 22:03:00
e6f9032c-830e-4367-941a-78af0cc2f79a,3416a12a-b20a-466f-ac26-64eb1ec14e8e,9f371917-c270-43c7-a426-195c07f2240e,2026-04-21 04:33:54
030e4282-bdfd-4e13-844e-55bcfe18c8f7,87b0d168-ea0f-458b-9fa2-5b7676d3542d,e479547f-65fe-49c2-8c60-2ad85984123b,2026-04-02 09:21:18
12743300-5683-4a02-9bee-3eb5a53260fa,e0a4829a-e5d7-4252-abbb-c1a0dd4a5e90,0e31ea81-db47-4b03-bb3a-c02ba90f0838,2026-04-07 06:08:15
f2269d6a-86c3-4ad1-bdd6-3d926d566eb9,b1216282-7445-4de4-b4af-6e01adfe7cb3,10c77c20-594b-4aea-b0bb-4b55ed74de35,2026-01-11 00:00:56
3494df2c-c101-4941-b5d5-46e806db00fd,25182159-9666-43cc-931c-9f2ba770cb22,f470eeec-90f3-4d9e-a649-e30cc7235307,2025-12-25 00:24:20
eae7d1ec-898c-4faa-9669-1bbf5cef925c,72ecce2e-1271-4af4-a0dd-c00c9e849503,3d1fc270-44bb-4778-9240-32ed85670a22,2026-03-29 23:24:07
cb901dc5-e261-477a-895f-08bec9aeb86b,4597104e-008f-4b68-9eb7-2afdd30d019f,e8333701-ba13-454c-bc06-312c9c330495,2026-04-29 12:54:18
912fcf6a-aa07-49b0-adc3-164ed638903b,6fd72baf-df8c-404c-a3e6-d82534a94cdf,8f9d23b0-49f1-405f-9991-5fb83dad81fc,2026-01-20 15:17:10
afa3c241-cebe-4af8-842b-5c55f26be0c1,0065f0ce-5601-42b8-bc3c-719cbd506af7,2b6d318c-80fc-479b-8d1d-d3d24cb6e637,2026-03-29 05:48:50
7b1b695f-b765-4efc-8723-87bbbbd0273f,b1bf144d-c449-4668-9e65-7aec860b559c,09409554-6d14-427f-9a1e-a56d1ceecdd4,2026-01-11 11:50:09
86a2f6cc-4682-47fb-b71a-0ed9b9565784,8a8d3cad-2241-4dec-899d-467fc48202b9,845896cb-5254-48d6-a168-3644fe7eeb4c,2026-01-07 04:07:25
7b57d041-8dd3-4384-ab86-c31904383bce,1f997947-f4f9-4d04-871a-39b0f22222ab,a99a1319-a218-498b-8451-7fb3dc12ade1,2026-01-22 06:06:39
3da2f2da-3846-4386-9d77-1bbc20006f5b,e3971cf1-c6d7-450d-af92-974399b254d0,bf7e68d1-6c92-47ee-abb9-b8c71150a7df,2026-02-23 11:43:16
2929a9e6-1432-45da-a36f-00b7217d75cc,5b1df048-dd4f-4929-8fab-2354c3c448ca,502540e8-ad44-4ede-bede-dc9be40684b9,2026-05-03 01:27:18
d981dbd5-5fa2-456a-87f4-b152a4b89f01,7ec52d1c-f61f-4e35-bb66-a5cc8b7316eb,f1112344-3c2d-45f8-a600-bdf9d6c92c19,2026-03-21 03:32:45
e28922c3-8155-4b53-966c-c37c74fa5a12,d1dcd99b-7612-42fb-a6b2-24450645b5a9,2ba15d70-07b8-4780-97b1-1c8106388278,2026-03-13 20:32:04
c2ca9c81-129b-411d-88e1-c33bce7df1ea,dd2df0ca-fa9b-4bd6-a4f3-13694423b41b,9f371917-c270-43c7-a426-195c07f2240e,2026-03-28 03:11:02
2f07b3a3-3763-4690-bf5e-d3790b52da4a,a280e09a-3a10-41df-80a2-5824ad8de9f8,2b6d318c-80fc-479b-8d1d-d3d24cb6e637,2025-12-21 06:41:04
9c3224b3-df18-44a0-a39d-ad4c25cd9c2e,e1ef06e0-ccf1-47cb-bf60-0cdb44ba30f9,8885f679-28be-46cc-bca2-cbd1b3b5ffb8,2026-04-12 21:30:43
91f2b68b-5fb6-4938-b5b9-3445e4681c2c,bd7d6215-91cd-41d0-a21c-9e59efdc032b,665206c4-30d9-4794-8904-f4515483466b,2026-01-29 21:54:47
0ed2b880-6c09-4d7a-ac5e-c0dbcf2d03fe,898b548a-ff69-4cfe-a343-47820ba966e4,2630cfe2-bb0b-4c34-bcab-5cbcee34b476,2026-04-12 02:53:32
7253d851-92ed-44b7-b5e7-40ca1b058c17,20a5235e-5830-4f31-bd9a-a1106f2c0db5,e8333701-ba13-454c-bc06-312c9c330495,2025-11-24 21:30:52
0daca3cc-6b08-4d8d-9d29-b10744477572,a940c349-c158-4009-9eb7-b52790109a6b,6293d6e7-7d3e-4540-9f1d-794948f7dd5e,2026-05-08 13:45:49
6c93a901-9a00-4ed4-a3f2-43115630a61b,c6f99a2d-8887-40e2-a49d-3656ec66712f,2630cfe2-bb0b-4c34-bcab-5cbcee34b476,2025-11-24 03:54:09
44c982ae-08f1-4b5f-bdf5-2560422f91e5,94c62575-1104-48aa-91df-1e214322361a,25a736a7-a435-4138-bd1d-50f47492ee31,2026-03-09 15:54:50
356d8e4d-e1fe-484d-a108-7a697b7ae396,db36a26f-633f-4a66-8b53-430115fab3f1,2b6d318c-80fc-479b-8d1d-d3d24cb6e637,2025-12-16 15:56:30
d04001be-5a75-4f2e-9bc6-799006df9628,e3971cf1-c6d7-450d-af92-974399b254d0,67084f6a-d962-48b5-88a3-824e55dbfad0,2026-03-16 08:46:29
281a1981-ad1b-4f80-a354-74532c00e080,5f956a45-cf38-4805-865d-f61815d8fcdb,bf7e68d1-6c92-47ee-abb9-b8c71150a7df,2026-01-07 09:54:54
44da1d5b-5ae0-4ac3-9d64-1dcd603dd276,b1216282-7445-4de4-b4af-6e01adfe7cb3,b4ce4d1b-7870-4a7b-851b-cd5bac6375ef,2026-01-08 06:02:47
5ef4f4d8-a95a-4aba-9a0e-83d03878eea7,3e451136-0c57-4b9d-90bf-61ead1c7827e,ac4f1fc1-df74-483c-b55b-0c3539830356,2026-02-20 15:55:59
ef337607-0673-4cb1-b5b5-aa658d5cf38b,5cab994f-2fa2-41a3-970b-a1e7a9b21f10,e8333701-ba13-454c-bc06-312c9c330495,2026-05-04 07:11:30
ca36195b-fccd-4629-b044-5a2114f2e0a7,20a5235e-5830-4f31-bd9a-a1106f2c0db5,e479547f-65fe-49c2-8c60-2ad85984123b,2026-01-11 09:06:00
25bbd631-adce-4ce0-9b74-9c119899559f,a1f2f13c-98c4-40bc-9e34-f85a17b47e80,0e31ea81-db47-4b03-bb3a-c02ba90f0838,2026-01-11 16:21:29
8d444574-7534-49f6-960a-8a7e03efb1a1,9ddd1632-e817-4559-be8d-22d1282363d3,8885f679-28be-46cc-bca2-cbd1b3b5ffb8,2025-12-13 02:21:09
65aa09ab-2680-4ed0-b4e8-aaa80ef61c34,8f7dd1f0-d6e3-4d33-b062-66e209e041f2,11323a38-9782-472c-81d9-e55808938089,2025-11-30 08:19:47
2611ca05-5976-43ad-8e5f-843f37d69e02,0836f980-30ed-4b27-81f7-5fc8eef25137,0cffec97-39b5-4a15-8771-8e6ccd8fb548,2025-12-12 23:28:43
45f2f0a2-6900-46fc-9c6a-dff0a3519c3f,fa3a0765-4d11-4371-b17b-3b06f7d7faec,e479547f-65fe-49c2-8c60-2ad85984123b,2026-01-01 10:21:38
6cd92f82-54bc-44f7-932c-a8438e8e3817,622b7151-1d16-4eaf-b407-b1687c51a2de,6c709ae1-5445-46fe-a38d-f2f4b0872f55,2026-03-28 11:22:50
edeb403c-ff7b-4fac-93e5-44f213493eda,b1bf144d-c449-4668-9e65-7aec860b559c,8f9d23b0-49f1-405f-9991-5fb83dad81fc,2025-11-19 08:06:50
69d62bc0-09cc-44e5-a6ba-a607b7210a3d,81f60f7a-d84f-44c9-a095-9c4802e3d3fd,e01fac7d-a9a5-48e5-88be-d0a6a7c3de84,2025-12-13 10:10:44
581f909f-3503-4d84-8cca-76229b698f3b,d1695e1c-8f06-424d-8c30-5fd80fe0bc60,b4eb03a1-f303-40f0-9099-c2b013035e46,2025-11-25 14:06:29
ebb65c17-0770-4fdd-a18d-e594235e88ac,1121543b-69bb-4039-925a-0d3773521f63,6eac0341-252c-46dc-9555-9b8d21bd106e,2026-04-06 00:43:54
b69e9f05-bb41-41f1-b2db-18cc533ede23,7ec52d1c-f61f-4e35-bb66-a5cc8b7316eb,9ff7aa17-cdef-4ae4-8854-165791ca0eb4,2026-01-03 21:14:27
5148f776-4068-4cbc-beff-df4810910340,190f555c-99a3-4ac5-af3b-08305c33c5c1,4d86c1ee-8475-428a-886f-b95a0197d7a8,2025-11-25 10:43:31
1c5dd3c5-292d-479c-b0f6-4658516392e6,f084ce55-ce46-476f-9ec0-46acafd9df57,bf7e68d1-6c92-47ee-abb9-b8c71150a7df,2026-01-14 18:48:08
0bc09837-c06c-4a1c-81d3-69018cb2e4ea,e39d99a5-4403-4383-9311-a4745b4fe19b,665206c4-30d9-4794-8904-f4515483466b,2025-12-21 02:32:28
0ae10413-6e75-47b9-bcc7-03e7cf73925b,3e451136-0c57-4b9d-90bf-61ead1c7827e,2630cfe2-bb0b-4c34-bcab-5cbcee34b476,2026-04-01 03:51:35
e2b481f8-b8f1-4324-8e93-8a91992a770a,32076a49-bf41-4c3a-8ee9-c4dfc1030479,8885f679-28be-46cc-bca2-cbd1b3b5ffb8,2026-04-03 07:35:55
2ac21bbd-773e-4434-9da2-11cfca921160,3e451136-0c57-4b9d-90bf-61ead1c7827e,8885f679-28be-46cc-bca2-cbd1b3b5ffb8,2026-05-06 02:17:07
164ff11a-eee2-458a-ac07-7a7c1f2c66cc,29b10459-34da-44b1-a3a5-ee8f6db022d3,ac4f1fc1-df74-483c-b55b-0c3539830356,2026-01-19 03:58:22
3612550f-75e3-47b4-b64c-d36060940e2b,fa3a0765-4d11-4371-b17b-3b06f7d7faec,f1112344-3c2d-45f8-a600-bdf9d6c92c19,2026-01-11 15:25:35
b7e9ab5b-f12b-4b21-ad84-8f576a3e6ab1,88dece4b-f996-4a2d-ba9e-893526b02263,e01fac7d-a9a5-48e5-88be-d0a6a7c3de84,2025-12-20 04:19:43
4d1a90c1-cb83-4702-95f2-20ae29d5aa54,4aa8178f-9942-4977-9932-7d66d0022aa7,e01fac7d-a9a5-48e5-88be-d0a6a7c3de84,2026-01-09 00:19:02
a97129fb-520f-4f3a-bba1-f819f121afa4,3abf67be-ee70-481a-b593-3c43ae2a53f4,a99a1319-a218-498b-8451-7fb3dc12ade1,2026-04-28 19:16:07
6ee99dc7-566b-4ecf-a500-287b313e2e7f,3e7eaeb6-c0b5-4af0-8ccf-71d60462a300,55a067ca-8de7-4731-ab91-9f79fc176598,2026-02-17 21:58:52
370c1517-c176-4592-bfba-90f554a43071,a280e09a-3a10-41df-80a2-5824ad8de9f8,e01fac7d-a9a5-48e5-88be-d0a6a7c3de84,2025-12-19 12:16:33
dd432f62-e9f0-44d3-84cc-a9f5b8b816c8,188e662b-078a-499b-9bca-183279df16c0,0cffec97-39b5-4a15-8771-8e6ccd8fb548,2026-04-15 02:40:48
333cb63f-dbae-4693-bcf4-9b7d92746f60,e0a4829a-e5d7-4252-abbb-c1a0dd4a5e90,c86b36d4-ceb2-43a5-87ed-94f9cf57aa47,2026-04-20 23:26:37